Catalog#,Artist,Title,Label,Format,Rating,Released,release_id,Notes
88.122-l,Supertramp,Crime Of The Century,A&M Records,"LP, Album",,1974,1460333,"Lowest:	€4.10
Median:	€7.50
Highest:	€20.00",2023-04-20 03:04:12
88674 E,Rick Wakeman,The Myths And Legends Of King Arthur And The Knights Of The Round Table,A&M Records,"LP, Album, Gat",,1975,5278224,"Lowest:	€2.00
Median:	€3.50
Highest:	€5.39",2023-04-20 08:01:25
AMLK-64660,Rick Wakeman,Rick Wakeman's Criminal Record,A&M Records,"LP, Album",,1977,2842332,"Lowest:	€2.73
Median:	€4.80
Highest:	€8.00",2023-04-20 08:08:31
HDAS 371-87,Rick Wakeman,Las Seis Esposas De Enrique VIII,A&M Records,"LP, Album",,1973,689199,"Lowest:	€2.00
Median:	€3.50
Highest:	€5.39",2023-04-20 08:06:29
"87.745-I, 87745-E",Rick Wakeman,Journey To The Centre Of The Earth,"A&M Records, A&M Records","LP, Album, Gat",,1974,746060,"Lowest:	€1.00
Median:	€2.99
Highest:	€13.37",2023-04-20 08:07:27
"87905 XD, 87905-XD",Canarios,Ciclos,"Ariola, Ariola","2xLP, Album",,1974,745518,"Lowest:	€8.00
Median:	€30.91
Highest:	€70.00",2023-04-20 03:57:25
10 C 066-99168,The Alan Parsons Project,I Robot,Arista,"LP, Album, Gat",,1977,1355929,"Lowest:	€1.50
Median:	€7.25
Highest:	€17.95",2023-04-20 03:11:23
I-203000,The Alan Parsons Project,The Turn Of A Friendly Card,Arista,"LP, Album",,1980,1579527,"Lowest:	€2.00
Median:	€6.25
Highest:	€22.75",2023-04-20 03:13:56
"I-204666, I-204 666",The Alan Parsons Project,Eye In The Sky,"Arista, Arista","LP, Album",,1982,7482623,"Lowest:	€2.94
Median:	€7.75
Highest:	€16.00",2023-04-20 03:12:40
HATS 421-88,Yes,Fragile,Atlantic,"LP, Album",,1972,8095148,"Lowest:	€5.99
Median:	€12.00
Highest:	€19.99",2023-04-20 02:41:32
HATS 421-95,Yes,Close To The Edge,Atlantic,"LP, Album, Gat",,1973,3587996,"Lowest:	€3.90
Median:	€9.55
Highest:	€50.00",2023-04-20 01:03:49
HATS 421-71,Yes,The Yes Album,"Atlantic, Hispavox","LP, Album",,1971,17810824,"Lowest:	€10.00
Median:	€35.00
Highest:	€60.00",2023-04-20 02:43:18
BS-32110,Iceberg (2),Sentiments,Bocaccio Records,"LP, Album, Gat",,1977,1239173,"Lowest:	€5.00
Median:	€22.00
Highest:	€60.00",2023-04-20 02:52:40
BS-32123,Iceberg (2),En Directe,Bocaccio Records,"LP, Album",,1978,1773785,"Lowest:	€5.69
Median:	€12.50
Highest:	€31.85",2023-04-20 02:50:54
S 82843,"Imán, Califato Independiente","Imán, Califato Independiente",CBS,"LP, Album, Gat",,1978,2048098,"Lowest:	€12.74
Median:	€30.00
Highest:	€54.60",2023-04-20 03:54:20
S 84277,"Imán, Califato Independiente",Camino Del Águila,CBS,"LP, Album, Gat",,1980,2123458,"Lowest:	€15.00
Median:	€29.98
Highest:	€35.00",2023-04-20 03:53:09
LPX 8,New Trolls,Concerto Grosso Per I New Trolls,Cetra,"LP, Album, Gat",,1971,1315033,"Lowest:	€9.10
Median:	€36.49
Highest:	€100.00",2023-04-20 02:54:41
63 69 944,Genesis,Selling England By The Pound,Charisma,"LP, Album",,1974,4546615,"Lowest:	€3.00
Median:	€8.00
Highest:	€17.95",2023-04-20 03:06:53
6302 136,Rick Wakeman,1984,Charisma,"LP, Album",,1981,5423430,"Lowest:	€2.50
Median:	€5.48
Highest:	€10.00",2023-04-20 08:09:34
"66 41 226, 92 99 257, 92 99 258",Genesis,The Lamb Lies Down On Broadway,"Charisma, Charisma, Charisma","2xLP, Album, Gat",,1975,2949691,"Lowest:	€8.00
Median:	€12.00
Highest:	€20.00",2023-04-20 03:05:54
28.438-I,Jethro Tull,Songs From The Wood,Chrysalis,"LP, Album",,1977,1727012,"Lowest:	€5.90
Median:	€9.99
Highest:	€30.00",2023-04-20 03:44:00
63 07 502,Jethro Tull,Thick As A Brick,Chrysalis,"LP, Album",,1972,4549483,"Lowest:	€5.50
Median:	€16.00
Highest:	€53.00",2023-04-20 03:20:02
63 07 511,Procol Harum,Grand Hotel,Chrysalis,"LP, Album",,1973,7205972,"Lowest:	€2.50
Median:	€5.00
Highest:	€5.00",2023-04-20 03:02:00
85.383-I,Jethro Tull,Aqualung,Chrysalis,"LP, Album, Gat",,1975,4548994,"Lowest:	€5.99
Median:	€15.65
Highest:	€55.00",2023-04-20 03:41:02
89.791-IE,Jethro Tull,Benefit,"Chrysalis, Chrysalis","LP, Album",,1970,19248337,,2023-04-20 03:43:18
"89399 I, 89.399 - I",Jethro Tull,Minstrel In The Gallery,"Chrysalis, Chrysalis","LP, Album",,1975,8517761,"Lowest:	€8.99
Median:	€11.90
Highest:	€20.00",2023-04-20 03:42:15
066 24 0785 1,Marillion,Clutching At Straws,EMI,"LP, Album",,1987,6483596,"Lowest:	€5.00
Median:	€9.95
Highest:	€14.95",2023-04-20 03:02:53
EPC 84218,Cai (4),Noche Abierta,Epic,"LP, Album, Gat",,1980,1549999,"Lowest:	€14.00
Median:	€28.99
Highest:	€59.15",2023-04-20 03:50:49
EPC 85054,Cai (4),Canción De La Primavera,Epic,"LP, Album",,1981,4007248,"Lowest:	€18.00
Median:	€24.95
Highest:	€50.05",2023-04-20 03:52:10
1 J 062-29491,Triumvirat,Illusions On A Double Dimple,Harvest,"LP, Album",,1974,2024802,"Lowest:	€7.50
Median:	€8.54
Highest:	€9.00",2023-04-20 03:44:47
10C 064-32 466,Triumvirat,Pompeii,Harvest,"LP, Album",,1977,11927715,"Lowest:	€3.72
Median:	€5.32
Highest:	€6.93",2023-04-20 03:46:49
1J 062-29 567,Triumvirat,Spartacus,"Harvest, EMI","LP, Album",,1975,6505952,"Lowest:	€12.00
Median:	€12.00
Highest:	€12.00",2023-04-20 03:46:12
"10C 262-21.534, 10C 262-21534",Guadalquivir,Guadalquivir,"Harvest, Harvest","LP, Album",,1978,8191846,"Lowest:	€14.00
Median:	€16.00
Highest:	€42.03",2023-04-20 03:48:10
85.382-SE,"Emerson, Lake & Palmer","Emerson, Lake & Palmer",Island Records,"LP, Album",,1971,4928694,"Lowest:	€3.99
Median:	€9.00
Highest:	€14.00",2023-04-20 03:09:27
85.527-SE,"Emerson, Lake & Palmer",Tarkus,Island Records,"LP, Album, Gat",,1971,3289667,"Lowest:	€5.99
Median:	€10.00
Highest:	€16.50",2023-04-20 03:10:37
"86.230-I, 86230.I","Emerson, Lake & Palmer",Trilogy,"Island Records, Island Records","LP, Album, Gat",,1972,3582008,"Lowest:	€2.00
Median:	€6.92
Highest:	€15.00",2023-04-20 03:10:06
JETLX 500,Electric Light Orchestra,Discovery,Jet Records,"LP, Album, Gat",,1979,1284470,"Lowest:	€2.00
Median:	€5.75
Highest:	€10.00",2023-04-20 03:16:11
LC-001,Cai (4),Mas Allá De Nuestras Mentes Diminutas,"Lacochu, Trova Records","LP, Album",,1978,1819813,"Lowest:	€120.00
Median:	€120.00
Highest:	€120.00",2023-04-20 03:51:13
"27.143-I, 27143-I",Premiata Forneria Marconi,Chocolate Kings,"Manticore, Manticore","LP, Album, Gat",,1976,4589245,"Lowest:	€9.00
Median:	€15.00
Highest:	€16.58",2023-04-20 02:48:49
"87.816-I, 87 816 I",Premiata Forneria Marconi,The World Became The World,"Manticore, Manticore","LP, Album",,1974,4198115,"Lowest:	€2.00
Median:	€8.00
Highest:	€12.00",2023-04-20 02:47:55
"87302 I, 87.302-I","Emerson, Lake & Palmer",Brain Salad Surgery,"Manticore, Manticore","LP, Album, Gat",,1973,1940427,"Lowest:	€3.99
Median:	€11.00
Highest:	€17.00",2023-04-20 03:08:12
SUP-853,La Máquina De Hacer Pájaros,Películas,Microfon,"LP, Album",,1977,3506667,"Lowest:	€37.31
Median:	€55.00
Highest:	€113.75",2023-04-20 03:49:59
SUPL 717,La Máquina De Hacer Pájaros,La Máquina De Hacer Pájaros,Microfon,"LP, Album, RE",,1977,7773921,,2023-04-20 03:49:19
17.1302/6,Gotic,Escenes,Movieplay,"LP, Album",,1978,3241016,"Lowest:	€24.90
Median:	€73.94
Highest:	€95.00",2023-04-20 08:54:54
"170907/9, 17.0907/9",Triana (2),Hijos Del Agobio,"Movieplay, Movieplay","LP, Album, Gat",,1977,1957255,"Lowest:	€4.99
Median:	€19.00
Highest:	€45.00",2023-04-20 02:53:04
MOVLP1694,Mike Oldfield,Guitars,"Music On Vinyl, Warner Music","LP, Album, RE, 180",,2016,9107004,"Lowest:	€18.00
Median:	€22.94
Highest:	€29.89",2023-04-20 08:51:36
ZND - 811,New Trolls,Searching For A Land,Novola,"2xLP, Album",,1977,1061563,"Lowest:	€9.00
Median:	€14.99
Highest:	€30.00",2023-04-20 02:55:41
ZSLN 55055,Premiata Forneria Marconi,Storia Di Un Minuto,Numero Uno,"LP, Album, Gat",,1972,409894,"Lowest:	€15.46
Median:	€53.24
Highest:	€185.00",2023-04-20 02:57:56
9029518824,Jarabe De Palo,Depende,Parlophone,"LP, 180 + CD, Album",,2020,16299910,"Lowest:	€16.84
Median:	€19.24
Highest:	€39.99",2023-04-20 04:01:14
RTI 1146-1,Premiata Forneria Marconi,Ulisse,RTI Music,"LP, Album",,1997,4504430,"Lowest:	€35.00
Median:	€53.24
Highest:	€107.00",2023-04-20 02:56:59
1J 062-90.018W,Procol Harum,Shine On Brightly,Stateside,"LP, Album",,1969,4557895,"Lowest:	€2.72
Median:	€30.00
Highest:	€34.00",2023-04-20 03:01:23
LSL 60.004,Procol Harum,Procol Harum,Stateside,"LP, Album",,1968,4557801,"Lowest:	€20.00
Median:	€37.00
Highest:	€40.00",2023-04-20 03:00:22
25.144-XD,Electric Light Orchestra,Out Of The Blue,"United Artists Records, Jet Records","2xLP, Album",,1978,2843993,"Lowest:	€1.50
Median:	€9.99
Highest:	€17.99",2023-04-20 03:15:44
"28 273-I, 28273-I",Electric Light Orchestra,A New World Record,"United Artists Records, Jet Records, United Artists Records","LP, Album, Smo",,1976,1924220,"Lowest:	€1.40
Median:	€4.50
Highest:	€8.00",2023-04-20 03:14:50
C-30.1668 (VLP-304),Procol Harum,A Salty Dog,"Victoria Ediciones Musicales, S.A., Victoria Ediciones Musicales, S.A.","LP, Album, RE",,1988,7178405,"Lowest:	€6.00
Median:	€9.00
Highest:	€12.00",2023-04-20 02:59:01
88.134-I,Mike Oldfield,Hergest Ridge,Virgin,"LP, Album",,1974,11963643,"Lowest:	€5.90
Median:	€10.00
Highest:	€14.50",2023-04-20 08:51:05
I-205 500,Mike Oldfield,Crises,Virgin,"LP, Album",,1983,2464738,"Lowest:	€2.81
Median:	€5.98
Highest:	€10.00",2023-04-20 08:50:17
"V 3166, 00602557256703",Mike Oldfield,Return To Ommadawn,"Virgin EMI Records, Virgin EMI Records","LP, Album, 180",,2017,9679634,"Lowest:	€17.05
Median:	€32.49
Highest:	€88.00",2023-04-20 08:47:28
"89.552 - I, 89552 I",Mike Oldfield,Ommadawn,"Virgin, Virgin","LP, Album",,1975,1770389,"Lowest:	€2.99
Median:	€5.10
Highest:	€24.95",2023-04-20 08:46:02
"I - 204.500, I·204 500",Mike Oldfield,Five Miles Out,"Virgin, Virgin","LP, Album, Gat",,1982,1777229,"Lowest:	€0.99
Median:	€5.91
Highest:	€11.99",2023-04-20 08:48:53
"HWBS 321-92, HWBS 321-92 (LS) ",Frank Zappa And The Mothers,One Size Fits All ,"Warner Bros. Records, Hispavox","LP, Album, Gat",,1975,12212324,"Lowest:	€11.00
Median:	€15.50
Highest:	€30.00",2023-04-20 03:05:02
2564623317,Mike Oldfield,Tubular Bells III,Warner Music,"LP, Album, RE, 180",,2014,6303147,"Lowest:	€16.89
Median:	€21.42
Highest:	€23.79",2023-04-20 08:48:11
0190295168285,Jarabe De Palo,En la Vida Conocí Mujer Igual A la Flaca,Warner Music Catalogue,"2xLP, Comp + CD, Comp",,2020,16361622,"Lowest:	€21.84
Median:	€29.23
Highest:	€90.09",2023-04-20 04:02:53
0190296735370,Jarabe De Palo,De Vuelta Y Vuelta,"Warner/Chappell Music Spain, S.A.","LP, Album + CD, Album",,2021,20758159,"Lowest:	€17.84
Median:	€19.25
Highest:	€22.75",2023-04-20 04:02:01
0190296735394,Jarabe De Palo,Un Metro Cuadrado,"Warner/Chappell Music Spain, S.A.","LP, Album + CD, Album",,2021,20929789,"Lowest:	€17.84
Median:	€17.84
Highest:	€17.84",2023-04-20 04:02:17
01902967399880,Jarabe De Palo,Adelantando ,"Warner/Chappell Music Spain, S.A.","LP, Album + CD, Album",,2021,20929624,"Lowest:	€8.19
Median:	€17.84
Highest:	€26.88",2023-04-20 04:02:40
0927499212,Mike Oldfield,Tubular Bells 2003,WEA,"LP, Album, Unofficial",,2003,7365434,"Lowest:	€56.87
Median:	€56.87
Highest:	€56.87",2023-04-20 08:52:43
